,co2,longitude,latitude,time
0,391.77112,-101.73338,78.91583,2009-04-21 00:53:22.165371
1,392.66345,-160.661,65.835594,2009-04-21 00:58:43.240193
2,395.6995,-163.91902,66.427635,2009-04-21 00:58:47.700600
3,390.52,-165.13968,65.14818,2009-04-21 00:59:09.995952
4,398.0131,-160.37296,62.660465,2009-04-21 00:59:23.374999
5,389.74332,174.83963,17.34441,2009-04-21 01:12:28.224493
6,388.12466,173.68942,11.920198,2009-04-21 01:13:57.411779
7,386.9016,171.96419,10.802558,2009-04-21 01:14:33.086178
8,387.65427,171.70627,9.422792,2009-04-21 01:14:37.545377
9,389.73645,173.12093,9.204761,2009-04-21 01:14:42.005260
10,387.9066,171.40817,8.088132,2009-04-21 01:15:17.680062
11,390.37997,174.35612,68.95428,2009-04-21 02:36:13.888403
12,397.1834,165.53088,68.575264,2009-04-21 02:36:27.266403
13,399.3108,164.50813,67.284096,2009-04-21 02:37:07.401007
14,388.93976,150.29494,17.349096,2009-04-21 02:50:39.002680
15,388.56772,148.27293,14.850434,2009-04-21 02:51:19.137365
16,388.3314,149.71626,14.634392,2009-04-21 02:51:23.596564
17,387.2003,147.71657,12.136275,2009-04-21 02:52:03.730283
18,387.18323,149.14397,11.920358,2009-04-21 02:52:08.189000
19,387.08743,147.41888,10.803132,2009-04-21 02:52:43.864888
20,383.37036,145.443,-5.728206,2009-04-21 02:57:06.966820
21,383.4882,142.53383,-12.2770405,2009-04-21 02:58:45.072866
22,382.39362,141.90588,-14.982091,2009-04-21 02:59:29.666790
23,382.22867,144.5191,-16.864674,2009-04-21 03:00:00.881226
24,381.2422,141.56627,-16.310148,2009-04-21 03:00:09.800349
25,384.66196,142.73279,-17.933104,2009-04-21 03:00:18.718345
26,385.16437,142.41306,-19.278578,2009-04-21 03:00:49.935074
27,384.41733,140.90993,-19.011295,2009-04-21 03:00:54.393790
28,383.5553,140.59245,-20.385017,2009-04-21 03:00:58.853191
29,383.71094,142.09158,-20.635534,2009-04-21 03:01:03.311907
30,385.04785,143.60106,-20.927258,2009-04-21 03:01:07.772273
31,384.36237,145.10915,-21.244144,2009-04-21 03:01:12.230990
32,383.09622,146.35104,-22.97417,2009-04-21 03:01:21.149066
33,384.01633,144.8122,-22.607944,2009-04-21 03:01:25.609473
34,384.95294,143.28761,-22.27994,2009-04-21 03:01:30.068189
35,383.7769,141.7617,-21.982529,2009-04-21 03:01:34.527550
36,384.45117,140.2313,-21.708055,2009-04-21 03:01:38.986668
37,383.5292,139.90117,-23.080927,2009-04-21 03:01:43.446672
38,384.2016,141.42947,-23.33943,2009-04-21 03:01:47.905791
39,385.42566,143.66884,-35.09265,2009-04-21 03:04:59.658563
40,383.47244,143.36824,-36.4835,2009-04-21 03:05:04.117320
41,385.5593,143.02956,-37.78768,2009-04-21 03:05:44.252085
42,390.65866,157.18156,70.71591,2009-04-21 04:13:35.634508
43,388.1607,144.61215,72.4998,2009-04-21 04:13:49.013514
44,396.13458,147.47546,70.76316,2009-04-21 04:13:57.931993
45,394.93124,151.45949,70.202286,2009-04-21 04:14:02.390790
46,394.78235,155.15329,69.5161,2009-04-21 04:14:06.851196
47,393.55682,156.67953,67.54492,2009-04-21 04:14:15.769233
48,399.09244,151.71631,67.07522,2009-04-21 04:14:51.444598
49,398.8473,154.87451,66.34621,2009-04-21 04:14:55.902791
50,400.91733,153.33621,65.134,2009-04-21 04:15:00.362674
51,397.17932,150.2448,65.836716,2009-04-21 04:15:04.821874
52,398.2924,139.96013,67.28783,2009-04-21 04:15:18.199874
53,376.56134,150.5361,62.664158,2009-04-21 04:15:44.956599
54,399.34018,138.24947,64.65409,2009-04-21 04:16:02.793758
55,400.55634,146.51031,62.04062,2009-04-21 04:16:20.630958
56,399.03647,148.155,60.152363,2009-04-21 04:16:29.550080
57,394.7439,145.46567,60.7661,2009-04-21 04:16:34.008757
58,406.35828,139.78409,61.690174,2009-04-21 04:16:42.927276
59,401.40033,136.79526,62.006527,2009-04-21 04:16:47.387280
60,400.88425,136.17764,60.659275,2009-04-21 04:16:51.846399
61,402.8735,139.01476,60.371452,2009-04-21 04:16:56.306403
62,398.27527,141.79807,59.97308,2009-04-21 04:17:00.764476
63,395.99225,140.97565,58.662575,2009-04-21 04:17:23.062685
64,404.54758,138.29224,59.052277,2009-04-21 04:17:27.520798
65,397.89493,135.53198,59.349293,2009-04-21 04:17:31.981164
66,399.42792,134.99039,57.999157,2009-04-21 04:17:36.439881
67,400.94177,137.61937,57.72772,2009-04-21 04:17:40.900287
68,388.613,134.41371,56.684284,2009-04-21 04:18:16.574646
69,399.78555,133.92964,55.330315,2009-04-21 04:18:21.033362
70,398.24927,142.69823,52.43121,2009-04-21 04:18:43.330968
71,405.4532,140.45541,52.95941,2009-04-21 04:18:47.789081
72,415.50415,138.16176,53.39183,2009-04-21 04:18:52.248964
73,375.41995,135.81102,53.74273,2009-04-21 04:18:56.708164
74,398.06604,133.40733,54.01299,2009-04-21 04:19:01.168127
75,408.43774,132.96947,52.65694,2009-04-21 04:19:05.627287
76,400.31305,137.55167,52.066586,2009-04-21 04:19:14.545363
77,396.3118,139.77397,51.636772,2009-04-21 04:19:19.005287
78,404.12048,139.14099,50.32547,2009-04-21 04:19:32.382563
79,399.81165,136.97076,50.73843,2009-04-21 04:19:36.842969
80,404.69702,134.75322,51.076073,2009-04-21 04:19:41.301686
81,400.38974,138.52347,48.994038,2009-04-21 04:20:03.599211
82,379.1591,131.15839,33.31552,2009-04-21 04:24:26.699977
83,380.53442,122.92818,-17.548912,2009-04-21 04:38:02.762016
84,385.10205,122.37062,-20.259346,2009-04-21 04:38:47.355498
85,385.09085,120.862915,-19.890526,2009-04-21 04:38:51.814657
86,384.73434,122.074036,-21.575935,2009-04-21 04:39:27.489056
87,384.84195,121.80732,-22.967915,2009-04-21 04:39:31.949382
88,384.13968,120.268364,-22.60316,2009-04-21 04:39:36.408179
89,384.69147,118.74394,-22.274567,2009-04-21 04:39:40.867458
90,377.50076,115.68732,-21.705088,2009-04-21 04:39:49.786581
91,386.7351,119.96596,-23.945082,2009-04-21 04:40:07.623781
92,382.6888,114.98313,-24.397533,2009-04-21 04:40:34.380063
93,383.91507,114.63878,-25.767885,2009-04-21 04:40:38.839262
94,384.6372,116.19979,-26.03802,2009-04-21 04:40:43.298180
95,386.82327,119.353195,-26.649122,2009-04-21 04:40:52.217262
96,384.73468,115.84789,-27.374048,2009-04-21 04:41:14.513581
97,384.22748,114.24821,-27.088894,2009-04-21 04:41:18.973987
98,384.52234,118.401306,-30.715124,2009-04-21 04:41:50.187980
99,386.19485,116.76047,-30.378069,2009-04-21 04:41:54.648386
100,384.04968,115.121,-30.066963,2009-04-21 04:41:59.107063
101,385.9429,116.408195,-31.726809,2009-04-21 04:42:16.944785
102,375.70316,97.13504,-65.55255,2009-04-21 04:51:52.200848
103,385.75232,107.49632,-67.10357,2009-04-21 04:52:05.578084
104,381.8338,102.779945,-67.93231,2009-04-21 04:52:14.497247
105,386.96432,95.69603,-66.78488,2009-04-21 04:52:23.417014
106,391.46454,136.19556,69.87625,2009-04-21 05:51:42.013885
107,406.94357,126.91567,70.20324,2009-04-21 05:52:13.231580
108,390.44708,130.6095,69.51653,2009-04-21 05:52:17.689813
109,398.3,134.00082,68.72128,2009-04-21 05:52:22.149697
110,392.07797,132.1354,67.54493,2009-04-21 05:52:26.608856
111,409.0155,125.266045,68.95785,2009-04-21 05:52:35.526973
112,419.14246,120.18653,68.21034,2009-04-21 05:52:53.364052
113,408.75903,123.78473,67.700424,2009-04-21 05:52:57.824538
114,393.5241,130.33185,66.347015,2009-04-21 05:53:06.743621
115,400.31708,128.7923,65.13402,2009-04-21 05:53:11.202378
116,397.72684,125.70393,65.83962,2009-04-21 05:53:15.661658
117,405.91724,122.44406,66.432014,2009-04-21 05:53:20.120374
118,400.0279,119.0075,66.914986,2009-04-21 05:53:24.580780
119,404.03815,115.41378,67.28735,2009-04-21 05:53:29.039457
120,400.94293,117.940315,65.612114,2009-04-21 05:53:37.958056
121,396.17517,121.22448,65.1538,2009-04-21 05:53:42.417980
122,409.40936,124.34335,64.57982,2009-04-21 05:53:46.877179
123,413.26685,125.99273,62.665043,2009-04-21 05:53:55.796262
124,408.80652,123.11619,63.32229,2009-04-21 05:54:00.256185
125,397.0984,113.70311,64.653755,2009-04-21 05:54:13.633461
126,402.95438,112.98572,63.312157,2009-04-21 05:54:18.093385
127,392.8902,123.61024,60.151985,2009-04-21 05:54:40.389663
128,396.67184,119.93504,59.473236,2009-04-21 05:55:16.064062
129,396.65536,122.50307,58.880085,2009-04-21 05:55:20.524469
130,409.76834,121.55208,57.603916,2009-04-21 05:55:24.982541
131,401.8207,120.5844,56.31907,2009-04-21 05:56:05.117950
132,387.89825,119.75047,55.028942,2009-04-21 05:56:09.577109
133,410.39642,112.43617,56.40327,2009-04-21 05:56:22.955552
134,396.0986,109.86827,56.685143,2009-04-21 05:56:27.414269
135,401.03094,111.83894,55.07541,2009-04-21 05:56:36.333391
136,390.15002,114.596115,50.324265,2009-04-21 05:57:43.224479
137,385.98056,113.979645,48.995434,2009-04-21 05:58:14.439880
138,390.3669,115.43205,47.186905,2009-04-21 05:58:23.357957
139,386.7175,113.40366,47.675804,2009-04-21 05:58:27.818363
140,388.45984,111.3427,48.076637,2009-04-21 05:58:32.277080
141,386.85455,106.72551,47.29461,2009-04-21 05:58:45.655563
142,388.95798,112.841385,46.343166,2009-04-21 05:58:59.033362
143,388.67722,112.31226,45.01571,2009-04-21 05:59:12.411764
144,388.02322,110.34715,45.405884,2009-04-21 05:59:16.869958
145,389.69208,109.877754,44.068127,2009-04-21 05:59:39.168087
146,391.21912,111.7951,43.680756,2009-04-21 05:59:43.627286
147,386.9912,113.167694,41.890976,2009-04-21 05:59:52.546369
148,387.49573,111.306595,42.35028,2009-04-21 05:59:57.005286
149,385.28824,112.16327,39.230076,2009-04-21 06:00:37.139850
150,388.715,110.37156,39.677486,2009-04-21 06:00:41.599170
151,389.9091,108.56281,40.046337,2009-04-21 06:00:46.057967
152,393.26648,106.352135,38.99881,2009-04-21 06:01:03.895569
153,389.54858,109.92249,38.335102,2009-04-21 06:01:12.814652
154,388.98825,111.66112,37.90055,2009-04-21 06:01:17.274575
155,389.3031,105.27462,34.957043,2009-04-21 06:02:19.705659
156,385.94952,104.934,33.60417,2009-04-21 06:02:33.082452
157,387.891,102.91795,32.48697,2009-04-21 06:03:08.758340
158,378.7676,101.71849,27.078249,2009-04-21 06:04:37.945786
159,390.40808,99.741165,17.57119,2009-04-21 06:06:56.186557
160,390.02634,100.91309,16.005518,2009-04-21 06:07:31.861399
161,388.55463,99.440956,16.237436,2009-04-21 06:07:36.320075
162,389.55667,103.209175,12.683412,2009-04-21 06:08:07.536764
163,384.70398,101.00127,76.283806,2009-04-21 07:28:46.079499
164,395.4302,103.97862,74.50678,2009-04-21 07:29:21.755307
165,389.73325,98.857056,75.0462,2009-04-21 07:29:26.215230
166,394.23392,94.186615,71.17961,2009-04-21 07:30:15.267871
167,410.74014,102.73221,63.900467,2009-04-21 07:32:02.294488
168,385.46414,97.41682,62.038246,2009-04-21 07:32:42.430299
169,400.96152,100.16039,61.408268,2009-04-21 07:32:46.889458
170,388.66785,99.06129,60.148735,2009-04-21 07:32:51.349382
171,401.43533,96.36985,60.759995,2009-04-21 07:32:55.808581
172,394.19687,93.58437,61.27307,2009-04-21 07:33:00.268464
173,397.7617,89.91963,60.36588,2009-04-21 07:33:18.105664
174,407.92328,92.70452,59.96936,2009-04-21 07:33:22.564783
175,395.6036,95.385826,59.46882,2009-04-21 07:33:27.024787
176,394.33798,97.954124,58.87608,2009-04-21 07:33:31.483986
177,390.3542,97.00358,57.600452,2009-04-21 07:33:35.944272
178,395.31656,94.48219,58.18068,2009-04-21 07:33:40.403029
179,396.42377,91.882675,58.65944,2009-04-21 07:33:44.863354
180,398.68884,89.19856,59.04831,2009-04-21 07:33:49.322192
181,398.19522,86.43833,59.34572,2009-04-21 07:33:53.781471
182,393.8824,85.89717,57.995834,2009-04-21 07:33:58.240148
183,397.00772,88.529396,57.73085,2009-04-21 07:34:02.700594
184,394.82654,91.11448,57.34659,2009-04-21 07:34:07.159311
185,391.32144,90.39338,56.031075,2009-04-21 07:34:29.456876
186,398.25742,87.88809,56.39886,2009-04-21 07:34:33.916076
187,390.24335,85.32013,56.68046,2009-04-21 07:34:38.375959
188,398.30963,87.29073,55.070255,2009-04-21 07:34:47.295082
189,390.81558,89.7126,54.71041,2009-04-21 07:34:51.754281
190,391.18463,92.068115,54.262814,2009-04-21 07:34:56.214164
191,392.46097,94.345604,53.72861,2009-04-21 07:35:00.672318
192,395.29272,93.60678,52.428036,2009-04-21 07:35:05.133287
193,402.07492,91.362656,52.954803,2009-04-21 07:35:09.591440
194,397.19635,89.06915,53.387703,2009-04-21 07:35:14.052370
195,390.39142,86.71873,53.740337,2009-04-21 07:35:18.510563
196,391.69034,84.31432,54.009144,2009-04-21 07:35:22.970969
197,390.79135,83.87638,52.652077,2009-04-21 07:35:27.429686
198,389.91025,86.178696,52.403732,2009-04-21 07:35:31.890092
199,403.7828,88.45979,52.063557,2009-04-21 07:35:36.348769
200,387.3556,90.682106,51.63356,2009-04-21 07:35:40.808089
201,388.37115,92.17725,49.81216,2009-04-21 07:35:49.727171
202,399.9463,90.04926,50.321854,2009-04-21 07:35:54.185968
203,397.393,87.87934,50.73637,2009-04-21 07:35:58.646254
204,393.72754,82.995605,49.973206,2009-04-21 07:36:12.024174
205,427.19943,85.17008,49.737015,2009-04-21 07:36:16.483494
206,390.27063,86.79541,48.07209,2009-04-21 07:36:43.240782
207,390.3944,84.693054,48.39873,2009-04-21 07:36:47.698975
208,391.54956,89.706345,44.541317,2009-04-21 07:37:18.915663
209,390.90967,85.330864,44.06341,2009-04-21 07:37:50.131668
210,389.20303,87.24846,43.676632,2009-04-21 07:37:54.592074
211,386.1414,87.11536,37.897327,2009-04-21 07:39:28.239162
212,388.11975,86.680244,36.55592,2009-04-21 07:39:32.699569
213,384.9053,83.343506,31.614689,2009-04-21 07:41:06.347743
214,385.28305,81.70619,31.963654,2009-04-21 07:41:10.807063
215,393.32468,84.55084,29.86056,2009-04-21 07:41:42.023188
216,386.40936,82.59946,28.92211,2009-04-21 07:41:50.940662
217,392.20883,77.764626,29.780254,2009-04-21 07:42:04.320673
218,391.36475,77.48914,28.405191,2009-04-21 07:42:08.779873
219,399.6925,79.07758,28.193218,2009-04-21 07:42:13.239756
220,395.4697,80.66585,27.912565,2009-04-21 07:42:17.697990
221,394.92685,83.78437,27.171131,2009-04-21 07:42:26.617072
222,393.20673,81.8864,26.220718,2009-04-21 07:42:35.536155
223,392.24774,76.90232,25.698145,2009-04-21 07:42:53.373354
224,398.70447,78.45217,25.485117,2009-04-21 07:42:57.833680
225,392.15692,80.00325,25.207468,2009-04-21 07:43:02.292437
226,392.94736,81.53761,24.871714,2009-04-21 07:43:06.752803
227,393.14838,83.05286,24.478563,2009-04-21 07:43:11.211560
228,389.6773,82.71915,23.117655,2009-04-21 07:43:15.671886
229,391.6119,79.67983,23.854013,2009-04-21 07:43:24.589962
230,390.38336,76.59094,24.36488,2009-04-21 07:43:33.509085
231,390.0348,76.32558,22.987827,2009-04-21 07:43:37.968285
232,392.50482,77.84279,22.7774,2009-04-21 07:43:42.428168
233,389.2764,79.361244,22.499733,2009-04-21 07:43:46.887367
234,390.01346,80.86461,22.167559,2009-04-21 07:43:51.347291
235,391.11835,82.35071,21.78055,2009-04-21 07:43:55.805484
236,389.05307,82.03021,20.417595,2009-04-21 07:44:00.265408
237,390.88934,80.54012,20.815008,2009-04-21 07:44:04.724567
238,389.81702,79.04704,21.146051,2009-04-21 07:44:09.184490
239,389.38672,76.01946,21.656422,2009-04-21 07:44:18.103573
240,390.0388,75.75717,20.277378,2009-04-21 07:44:22.562772
241,390.17184,78.73666,19.790443,2009-04-21 07:44:31.481855
242,391.6455,80.213234,19.460207,2009-04-21 07:44:35.941295
243,390.61493,79.897606,18.102846,2009-04-21 07:44:49.319054
244,392.45648,78.43015,18.43603,2009-04-21 07:44:53.779461
245,388.78687,75.19454,17.565136,2009-04-21 07:45:07.157260
246,385.50134,78.12676,17.07927,2009-04-21 07:45:16.075377
247,390.09674,74.89465,16.23293,2009-04-21 07:45:47.293071
248,379.93387,54.843117,-66.62448,2009-04-21 08:08:22.963730
249,385.1837,53.69379,-67.93113,2009-04-21 08:08:36.340564
250,384.9641,50.08796,-67.372856,2009-04-21 08:08:40.800246
251,371.13782,106.37933,76.00021,2009-04-21 09:05:50.174765
252,392.7207,81.73787,72.63498,2009-04-21 09:07:50.580790
253,391.13666,85.76826,71.87196,2009-04-21 09:07:55.039467
254,368.77048,89.38919,70.996376,2009-04-21 09:07:59.499953
255,394.88168,70.95952,72.48729,2009-04-21 09:08:21.796312
256,369.73236,76.16374,68.94959,2009-04-21 09:08:57.471717
257,397.1263,68.38003,69.89357,2009-04-21 09:09:06.390759
258,388.8399,67.337944,68.56983,2009-04-21 09:09:10.851085
259,397.03897,71.08163,68.19656,2009-04-21 09:09:15.309922
260,389.57855,69.059616,52.422997,2009-04-21 09:13:16.121491
261,389.13278,68.2926,51.117355,2009-04-21 09:13:56.257182
262,388.8852,67.630775,49.807747,2009-04-21 09:14:00.715375
263,382.4749,60.622353,49.728928,2009-04-21 09:14:27.472663
264,388.3654,62.77834,49.39927,2009-04-21 09:14:31.933069
265,388.29324,66.937515,48.495735,2009-04-21 09:14:40.851066
266,388.24637,66.338524,47.177925,2009-04-21 09:14:45.310868
267,392.694,63.74793,46.334064,2009-04-21 09:15:20.986676
268,390.94522,65.70673,45.861,2009-04-21 09:15:25.446680
269,390.3825,65.15988,44.53603,2009-04-21 09:15:29.904793
270,390.19357,63.219612,45.007793,2009-04-21 09:15:34.364676
271,391.04834,60.784615,44.05897,2009-04-21 09:16:01.122044
272,391.72507,64.578415,43.21374,2009-04-21 09:16:10.041167
273,390.2262,59.893944,41.378918,2009-04-21 09:16:45.716975
274,391.2325,63.536934,40.55679,2009-04-21 09:16:54.636097
275,388.96133,63.070766,39.220367,2009-04-21 09:16:59.094774
276,393.5481,61.27873,39.667225,2009-04-21 09:17:03.554134
277,384.85474,57.259666,38.991344,2009-04-21 09:17:25.851579
278,388.37732,59.058823,38.69297,2009-04-21 09:17:30.311502
279,391.3813,60.82947,38.324444,2009-04-21 09:17:34.770661
280,385.9535,56.890472,37.646366,2009-04-21 09:17:57.067744
281,388.4148,55.096443,37.879757,2009-04-21 09:18:01.526944
282,393.44095,56.534664,36.295013,2009-04-21 09:18:10.446066
283,385.66248,59.57867,34.30048,2009-04-21 09:18:32.744557
284,387.76404,57.891464,34.656086,2009-04-21 09:18:37.203354
285,387.26807,54.45017,35.181454,2009-04-21 09:18:46.121471
286,389.01752,54.158943,33.8095,2009-04-21 09:18:50.581757
287,384.06757,46.63888,-15.507157,2009-04-21 09:32:22.204955
288,383.9689,48.097656,-15.822355,2009-04-21 09:32:26.664154
289,384.5887,49.293797,-17.552263,2009-04-21 09:32:35.582271
290,382.62317,47.810547,-17.186121,2009-04-21 09:32:40.043160
291,381.95493,46.339027,-16.862522,2009-04-21 09:32:44.501354
292,377.3097,44.864716,-16.571201,2009-04-21 09:32:48.961679
293,377.34412,44.551388,-17.93329,2009-04-21 09:33:02.339559
294,381.24313,46.036392,-18.217306,2009-04-21 09:33:06.799925
295,382.1153,47.51882,-18.530481,2009-04-21 09:33:11.258682
296,383.53226,48.999283,-18.872856,2009-04-21 09:33:15.718967
297,382.15356,46.63286,-22.606245,2009-04-21 09:34:09.232618
298,380.31204,44.79057,-23.62838,2009-04-21 09:34:35.989383
299,399.3585,55.111614,71.42222,2009-04-21 10:46:23.768150
300,388.62427,52.087616,65.85662,2009-04-21 10:47:48.497322
301,399.01096,45.387657,66.93204,2009-04-21 10:47:57.415278
302,386.4388,44.303024,65.607925,2009-04-21 10:48:10.793801
303,372.9522,50.70065,64.5711,2009-04-21 10:48:19.712884
304,393.28156,53.63856,63.894184,2009-04-21 10:48:24.171560
305,389.51553,45.440605,62.56554,2009-04-21 10:48:59.847448
306,373.6721,43.6123,59.962975,2009-04-21 10:49:44.441976
307,392.52673,37.3472,59.339405,2009-04-21 10:50:15.658584
308,380.16382,36.805717,57.98886,2009-04-21 10:50:20.117381
309,383.5107,44.529804,56.868935,2009-04-21 10:50:33.495783
310,391.3265,39.368324,52.057117,2009-04-21 10:51:58.224875
311,387.87994,33.90458,49.967495,2009-04-21 10:52:33.899677
312,389.23724,33.459988,48.64427,2009-04-21 10:53:14.035971
313,390.36993,40.614754,44.53444,2009-04-21 10:53:40.791770
314,388.1361,38.67503,45.00698,2009-04-21 10:53:45.250487
315,391.80316,37.188503,41.00064,2009-04-21 10:55:01.061622
316,389.42325,37.588886,36.54951,2009-04-21 10:55:54.574669
317,387.31067,35.8582,36.98549,2009-04-21 10:55:59.033386
318,392.65732,27.557508,10.288977,2009-04-21 11:03:29.436374
319,393.48376,28.678398,8.610957,2009-04-21 11:03:56.192697
320,391.45822,30.07828,8.247078,2009-04-21 11:04:00.651856
321,387.63684,29.800182,6.8700857,2009-04-21 11:04:05.111779
322,389.2315,28.388514,7.2486444,2009-04-21 11:04:09.569933
323,388.9773,23.8752,6.7064395,2009-04-21 11:04:27.408178
324,389.75793,25.281666,6.4878554,2009-04-21 11:04:31.868585
325,385.56693,26.693491,6.215575,2009-04-21 11:04:36.327261
326,387.67734,28.095617,5.896274,2009-04-21 11:04:40.786581
327,386.72873,29.489182,5.537468,2009-04-21 11:04:45.245378
328,384.57098,29.21632,4.1591034,2009-04-21 11:04:49.705663
329,388.21808,27.80981,4.5339785,2009-04-21 11:04:54.164460
330,383.6475,26.40768,4.857133,2009-04-21 11:04:58.624746
331,388.609,24.997187,5.1358304,2009-04-21 11:05:03.083543
332,388.22946,23.576265,5.373221,2009-04-21 11:05:07.543909
333,383.50415,28.91018,2.8247883,2009-04-21 11:05:29.840268
334,387.54294,23.0146,2.6590834,2009-04-21 11:05:52.138356
335,384.69177,28.074743,-1.2711549,2009-04-21 11:06:18.894156
336,381.88223,22.181395,-1.435391,2009-04-21 11:06:41.191078
337,383.08655,26.384733,-2.2505798,2009-04-21 11:06:54.569480
338,387.92377,27.77728,-2.6006691,2009-04-21 11:06:59.028277
339,378.24066,26.104744,-3.6152205,2009-04-21 11:07:07.946756
340,376.31085,25.540749,-6.3316627,2009-04-21 11:07:52.541284
341,382.38504,25.257185,-7.680793,2009-04-21 11:08:23.757973
342,383.0277,26.66509,-8.02749,2009-04-21 11:08:28.216689
343,380.59537,26.405209,-9.414753,2009-04-21 11:08:32.677055
344,382.28635,24.976944,-9.045608,2009-04-21 11:08:37.135772
345,374.95264,25.301428,-14.841785,2009-04-21 11:10:01.865427
346,381.79968,20.935589,-13.863762,2009-04-21 11:10:15.243266
347,380.18277,20.630106,-15.225568,2009-04-21 11:10:28.621749
348,379.473,21.792793,-16.86344,2009-04-21 11:10:55.379037
349,381.76285,20.318995,-16.570301,2009-04-21 11:10:59.837190
350,381.44922,18.838272,-16.308329,2009-04-21 11:11:04.298160
351,381.03726,18.531748,-17.683552,2009-04-21 11:11:08.756313
352,384.91644,20.568018,-22.25082,2009-04-21 11:12:24.567449
353,384.62344,19.041306,-21.952887,2009-04-21 11:12:29.026165
354,383.34866,17.509718,-21.679657,2009-04-21 11:12:33.485566
355,382.87088,17.173355,-23.078152,2009-04-21 11:12:37.944765
356,383.8175,18.702003,-23.338696,2009-04-21 11:12:42.404689
357,383.99957,20.244066,-23.62932,2009-04-21 11:12:46.863888
358,386.83585,21.784641,-23.946905,2009-04-21 11:12:51.323771
359,384.49127,23.326004,-24.286787,2009-04-21 11:12:55.782971
360,380.93268,23.055376,-25.678123,2009-04-21 11:13:00.242854
361,384.5188,21.4802,-25.313105,2009-04-21 11:13:04.701007
362,382.9565,19.921427,-24.982367,2009-04-21 11:13:09.160931
363,384.90964,18.017534,-26.036053,2009-04-21 11:13:26.999579
364,384.22336,19.594357,-26.332922,2009-04-21 11:13:31.458376
365,385.02896,21.171352,-26.651999,2009-04-21 11:13:35.917655
366,385.26837,22.750399,-26.991009,2009-04-21 11:13:40.376372
367,383.53305,22.474522,-28.38201,2009-04-21 11:13:44.836778
368,384.28146,20.858624,-28.018496,2009-04-21 11:13:49.295454
369,383.43994,19.261524,-27.68284,2009-04-21 11:13:53.755861
370,386.38586,17.664396,-27.375969,2009-04-21 11:13:58.214577
371,386.69806,16.063387,-27.091892,2009-04-21 11:14:02.673937
372,386.22714,17.305128,-28.731968,2009-04-21 11:14:11.593060
373,385.2002,18.923061,-29.031824,2009-04-21 11:14:16.051777
374,384.2097,20.54149,-29.354153,2009-04-21 11:14:20.512183
375,384.8937,22.163237,-29.69367,2009-04-21 11:14:24.971382
376,384.13184,21.880821,-31.084713,2009-04-21 11:14:29.431266
377,395.51938,21.998055,68.19885,2009-04-21 12:25:37.013871
378,376.69547,18.782183,64.30485,2009-04-21 12:26:52.824484
379,363.78818,15.520599,64.64613,2009-04-21 12:26:57.283160
380,386.80286,17.726234,52.948353,2009-04-21 12:29:42.280777
381,389.1185,15.435112,53.38587,2009-04-21 12:29:46.739976
382,389.012,13.083495,53.73585,2009-04-21 12:29:51.199859
383,390.04184,10.675259,53.993935,2009-04-21 12:29:55.659059
384,387.38232,10.241365,52.649097,2009-04-21 12:30:00.118942
385,388.0836,12.545464,52.404106,2009-04-21 12:30:04.577136
386,389.8568,14.8246155,52.05971,2009-04-21 12:30:09.037019
387,386.88635,17.04715,51.629677,2009-04-21 12:30:13.496178
388,389.0436,19.2047,51.118847,2009-04-21 12:30:17.955578
389,389.0974,16.413757,50.317265,2009-04-21 12:30:26.874661
390,388.29315,14.244402,50.733074,2009-04-21 12:30:31.333377
391,388.72433,12.026165,51.070404,2009-04-21 12:30:35.793784
392,389.78262,9.762713,51.330524,2009-04-21 12:30:40.252460
393,389.11325,13.69035,49.40193,2009-04-21 12:30:53.630983
394,388.00226,15.797959,48.98919,2009-04-21 12:30:58.090665
395,390.6279,17.849707,48.497997,2009-04-21 12:31:02.550066
396,388.1325,8.915959,48.648052,2009-04-21 12:31:24.846384
397,386.8435,6.7520275,33.598682,2009-04-21 12:35:16.733761
398,389.25497,2.7233195,8.935587,2009-04-21 12:42:02.538802
399,391.23642,1.0175478,7.8540225,2009-04-21 12:42:29.295043
400,382.48264,14.540279,78.04717,2009-04-21 14:00:49.439536
401,389.52628,-13.995264,28.50622,2009-04-21 14:14:29.962786
402,392.53592,-15.128127,24.478333,2009-04-21 14:15:54.689785
403,390.90628,-21.522385,17.352957,2009-04-21 14:17:55.093357
404,390.21448,-22.1015,14.636748,2009-04-21 14:18:39.687281
405,391.30704,-22.96037,10.570746,2009-04-21 14:19:55.495158
406,390.72418,-24.399393,10.806348,2009-04-21 14:19:59.955564
407,390.94342,-24.657387,9.426017,2009-04-21 14:20:04.414281
408,390.36374,-23.242203,9.207671,2009-04-21 14:20:08.873641
409,387.78482,-23.527355,7.855534,2009-04-21 14:20:40.088680
410,391.0838,-24.955656,8.091408,2009-04-21 14:20:44.549086
411,386.5071,-25.51348,5.3774285,2009-04-21 14:21:29.142487
412,389.0067,-46.067455,17.352787,2009-04-21 15:56:05.887396
413,388.36893,-47.218636,11.923764,2009-04-21 15:57:35.075365
414,388.32996,-47.50524,10.571442,2009-04-21 15:58:06.290967
415,388.6293,-48.94421,10.805937,2009-04-21 15:58:10.750166
416,389.5181,-49.50016,8.091143,2009-04-21 15:58:55.343648
417,378.212,-46.417118,-5.311411,2009-04-21 16:02:16.014497
418,381.35248,-49.79505,-14.470359,2009-04-21 16:04:38.713864
419,382.13162,-52.69914,-13.8610525,2009-04-21 16:04:47.632946
420,382.1569,-54.159485,-13.602771,2009-04-21 16:04:52.091783
421,383.9715,-53.004467,-15.222195,2009-04-21 16:05:01.009820
422,383.2333,-50.08427,-15.819869,2009-04-21 16:05:09.928339
423,383.75455,-53.31594,-16.568924,2009-04-21 16:05:32.226468
424,382.5016,-55.768932,-20.379156,2009-04-21 16:06:25.738469
425,384.4162,-54.27042,-20.633274,2009-04-21 16:06:30.197186
426,382.01764,-52.759857,-20.920868,2009-04-21 16:06:34.657552
427,381.39746,-51.251427,-21.237665,2009-04-21 16:06:39.116268
428,382.19388,-49.74316,-21.578188,2009-04-21 16:06:43.575669
429,382.84528,-50.009552,-22.968428,2009-04-21 16:06:48.034385
430,384.66412,-51.548565,-22.602093,2009-04-21 16:06:52.494792
431,384.29654,-53.073956,-22.276836,2009-04-21 16:06:56.953991
432,383.85037,-54.599815,-21.978247,2009-04-21 16:07:01.413874
433,382.37286,-56.130547,-21.703955,2009-04-21 16:07:05.872027
434,384.34717,-56.460514,-23.07638,2009-04-21 16:07:10.331991
435,382.98993,-53.39132,-23.62837,2009-04-21 16:07:19.250068
436,381.53455,-51.851315,-23.946205,2009-04-21 16:07:23.709187
437,382.04352,-53.71359,-24.980124,2009-04-21 16:07:41.546386
438,383.11194,-56.835552,-24.398924,2009-04-21 16:07:50.465469
439,385.72745,-57.179714,-25.7684,2009-04-21 16:07:54.925875
440,380.07977,-54.07713,-33.41197,2009-04-21 16:09:50.868557
441,382.67633,-55.76894,-33.07253,2009-04-21 16:09:55.327274
442,390.54095,-26.84991,82.13596,2009-04-21 17:16:17.570611
443,398.01657,-32.603416,81.04774,2009-04-21 17:16:22.029287
444,395.35022,-24.831463,78.221596,2009-04-21 17:16:53.244929
445,397.36908,-37.19966,79.93779,2009-04-21 17:17:02.164012
446,400.1851,-40.8032,78.73742,2009-04-21 17:17:06.623211
447,384.69376,-28.225483,75.20093,2009-04-21 17:17:33.379493
448,394.97366,-35.890026,74.99141,2009-04-21 17:18:00.135776
449,390.99298,-43.28862,74.50914,2009-04-21 17:18:26.891454
450,395.30368,-50.157078,73.75686,2009-04-21 17:18:35.810577
451,399.67343,-40.975403,72.64261,2009-04-21 17:18:44.729660
452,397.99414,-47.26093,72.02715,2009-04-21 17:19:11.484976
453,394.12024,-44.906143,70.20221,2009-04-21 17:19:29.323182
454,392.9904,-46.555645,68.9564,2009-04-21 17:19:51.620667
455,399.5887,-46.118263,65.83755,2009-04-21 17:20:31.754265
456,398.39615,-47.477264,64.57833,2009-04-21 17:21:02.969908
457,391.52594,-45.8273,62.663998,2009-04-21 17:21:11.890076
458,401.62262,-61.950817,56.68396,2009-04-21 17:23:43.508083
459,407.6727,-58.201916,53.3907,2009-04-21 17:24:19.183488
460,412.32944,-60.552742,53.742546,2009-04-21 17:24:23.641561
461,398.6018,-62.956284,54.012775,2009-04-21 17:24:28.101565
462,405.3242,-63.39495,52.654854,2009-04-21 17:24:32.560764
463,408.55908,-61.09105,52.410404,2009-04-21 17:24:37.020688
464,406.01117,-58.812397,52.064693,2009-04-21 17:24:41.478761
465,402.46924,-59.392914,50.737316,2009-04-21 17:25:03.776367
466,403.50748,-61.61057,51.075714,2009-04-21 17:25:08.235083
467,399.348,-63.87408,51.334778,2009-04-21 17:25:12.695489
468,398.96628,-57.83967,48.993275,2009-04-21 17:25:30.532689
469,390.46872,-55.78729,48.503956,2009-04-21 17:25:34.991888
470,388.45822,-72.63566,14.85527,2009-04-21 17:34:56.873089
471,382.88998,-27.750805,79.479,2009-04-21 18:54:01.760368
472,391.7401,-34.126595,78.82076,2009-04-21 18:54:15.139495
473,402.9248,-38.427986,80.03578,2009-04-21 18:54:19.598574
474,384.5315,-57.152164,81.05006,2009-04-21 18:54:32.977137
475,397.68317,-50.071465,80.19875,2009-04-21 18:54:37.435773
476,396.09055,-44.349255,79.17574,2009-04-21 18:54:41.896179
477,400.25845,-49.375637,78.223656,2009-04-21 18:55:04.193142
478,396.3597,-55.018417,79.15683,2009-04-21 18:55:08.652462
479,394.41147,-65.354355,78.73869,2009-04-21 18:55:17.571584
480,391.96973,-59.090572,78.05666,2009-04-21 18:55:22.030261
481,393.7862,-48.857853,74.16298,2009-04-21 18:55:39.867943
482,391.46448,-62.5027,76.90658,2009-04-21 18:55:53.246989
483,389.48404,-52.26726,73.155304,2009-04-21 18:56:20.003271
484,390.38348,-55.15273,72.09869,2009-04-21 18:56:24.462431
485,384.98907,-77.63281,71.183304,2009-04-21 18:57:31.354524
486,394.8412,-73.43541,70.76791,2009-04-21 18:57:35.813683
487,394.71158,-67.553024,68.31071,2009-04-21 18:57:58.110806
488,379.1924,-71.102646,68.95872,2009-04-21 18:58:02.569965
489,390.01904,-76.187164,68.20648,2009-04-21 18:58:20.408211
490,394.01288,-72.58354,67.70121,2009-04-21 18:58:24.868617
491,390.5889,-91.50379,40.58585,2009-04-21 19:06:22.027164
492,389.79755,-91.81871,39.2169,2009-04-21 19:06:26.487570
493,386.07437,-90.013374,38.99882,2009-04-21 19:06:30.946769
494,390.11624,-90.38255,37.65379,2009-04-21 19:07:02.162975
495,392.54626,-90.73746,36.305775,2009-04-21 19:07:15.540291
496,390.0901,-89.00207,36.011936,2009-04-21 19:07:20.000174
497,382.38968,-87.29108,35.652836,2009-04-21 19:07:24.459374
498,388.54303,-85.60878,35.229053,2009-04-21 19:07:28.919780
499,387.14264,-87.69324,34.312172,2009-04-21 19:07:37.837776
500,390.89188,-89.38106,34.66549,2009-04-21 19:07:42.297579
501,391.36874,-91.09033,34.958305,2009-04-21 19:07:46.756859
502,389.65796,-92.8222,35.191452,2009-04-21 19:07:51.216662
503,388.10306,-93.11357,33.818787,2009-04-21 19:07:55.677068
504,390.35995,-91.76949,32.25766,2009-04-21 19:08:31.351387
505,390.95877,-93.446884,32.49011,2009-04-21 19:08:35.810586
506,387.48846,-93.72989,31.115063,2009-04-21 19:08:40.270469
507,389.71317,-92.09665,30.905426,2009-04-21 19:08:44.729669
508,387.56152,-90.46604,30.61912,2009-04-21 19:08:49.189552
509,389.07172,-90.81288,29.268232,2009-04-21 19:09:11.485991
510,388.03195,-96.62369,17.571135,2009-04-21 19:12:23.242867
511,388.9684,-97.182274,14.857392,2009-04-21 19:13:07.836791
512,390.3764,-98.03608,10.809855,2009-04-21 19:14:32.565883
513,386.90363,-98.29383,9.430044,2009-04-21 19:14:37.025766
514,387.82333,-98.591835,8.0959,2009-04-21 19:15:17.160370
515,386.0738,-97.728836,5.1446023,2009-04-21 19:15:57.295055
516,384.69534,-29.016489,79.06249,2009-04-21 20:30:52.485559
517,389.92126,-29.118425,80.528305,2009-04-21 20:30:56.945000
518,398.95755,-37.366985,80.35406,2009-04-21 20:31:28.162010
519,395.62003,-36.275063,78.9175,2009-04-21 20:31:32.620083
520,388.41428,-45.10841,79.9998,2009-04-21 20:31:41.539166
521,392.62625,-56.056217,80.77473,2009-04-21 20:32:08.295528
522,388.61362,-55.34895,77.52083,2009-04-21 20:32:21.674977
523,390.1352,-62.978252,80.03375,2009-04-21 20:32:30.594100
524,387.57242,-64.35234,78.03743,2009-04-21 20:32:57.350342
525,393.37772,-60.758297,76.81691,2009-04-21 20:33:01.809622
526,390.81516,-69.26822,77.16612,2009-04-21 20:33:10.728704
527,393.38608,-79.56379,79.155174,2009-04-21 20:33:19.647746
528,395.8783,-83.62823,78.057526,2009-04-21 20:33:33.026712
529,390.7721,-87.053246,76.902794,2009-04-21 20:34:04.242314
530,390.37622,-89.92465,75.71974,2009-04-21 20:34:17.620717
531,396.59552,-84.985466,74.98984,2009-04-21 20:34:22.080480
532,391.28845,-79.7014,72.09576,2009-04-21 20:34:35.459003
533,394.21045,-83.47591,73.02738,2009-04-21 20:34:39.918122
534,393.99188,-94.5004,73.27682,2009-04-21 20:35:02.216251
535,392.16214,-88.286095,70.709465,2009-04-21 20:35:24.512609
536,393.16376,-93.99929,70.201164,2009-04-21 20:35:51.269897
537,396.12787,-104.842735,62.999878,2009-04-21 20:38:00.595126
538,392.7451,-96.20106,61.410183,2009-04-21 20:38:13.972362
539,392.46835,-100.00133,60.750515,2009-04-21 20:38:22.892491
540,395.11624,-102.77957,61.274208,2009-04-21 20:38:27.352454
541,394.66928,-109.28017,60.65879,2009-04-21 20:38:40.729690
542,397.875,-107.16519,59.050873,2009-04-21 20:39:16.405055
543,368.87808,-103.5349,55.57826,2009-04-21 20:39:52.081466
544,392.51904,-105.97035,56.033363,2009-04-21 20:39:56.540866
545,389.40918,-102.757,52.429134,2009-04-21 20:40:32.217277
546,390.69598,-105.00126,52.95669,2009-04-21 20:40:36.676476
547,391.35052,-103.523994,51.12391,2009-04-21 20:41:12.351881
548,388.9316,-111.19425,49.73933,2009-04-21 20:41:43.568449
549,388.33337,-105.47808,47.18577,2009-04-21 20:42:01.406695
550,387.87665,-109.56889,48.074245,2009-04-21 20:42:10.325777
551,389.6269,-111.67154,48.40038,2009-04-21 20:42:14.783971
552,386.79883,-114.186775,47.29085,2009-04-21 20:42:23.704059
553,389.50485,-112.12294,47.06465,2009-04-21 20:42:28.163983
554,391.41806,-110.07642,46.739346,2009-04-21 20:42:32.622176
555,389.44043,-108.069565,46.34155,2009-04-21 20:42:37.082059
556,390.16354,-106.65758,44.543056,2009-04-21 20:42:46.001182
557,389.86905,-108.597916,45.015186,2009-04-21 20:42:50.460382
558,392.59244,-112.56598,45.72153,2009-04-21 20:42:59.379464
559,415.65277,-114.60243,45.96792,2009-04-21 20:43:03.838824
560,402.2152,-111.033516,44.06597,2009-04-21 20:43:17.216664
561,392.5039,-109.11592,43.678528,2009-04-21 20:43:21.677070
562,387.1816,-107.23969,43.21955,2009-04-21 20:43:26.135787
563,388.69196,-107.74246,41.8897,2009-04-21 20:43:30.596153
564,396.78302,-111.48634,42.727295,2009-04-21 20:43:39.515275
565,388.81088,-113.4006,43.03594,2009-04-21 20:43:43.974354
566,382.69098,-115.345055,43.278168,2009-04-21 20:43:48.434358
567,384.98386,-115.67587,41.910637,2009-04-21 20:43:52.892471
568,387.38354,-108.28128,40.56325,2009-04-21 20:44:10.730676
569,388.00262,-108.747215,39.227932,2009-04-21 20:44:15.191686
570,389.64377,-110.53849,39.67695,2009-04-21 20:44:19.649759
571,386.50934,-112.34847,40.04364,2009-04-21 20:44:24.110769
572,391.69016,-114.18535,40.34586,2009-04-21 20:44:28.568882
573,387.89798,-116.0495,40.58356,2009-04-21 20:44:33.028886
574,388.3819,-112.75967,38.69974,2009-04-21 20:44:46.407168
575,391.15784,-110.98855,38.33204,2009-04-21 20:44:50.866447
576,391.7483,-109.68413,36.558186,2009-04-21 20:44:59.785570
577,383.8438,-113.15938,37.35497,2009-04-21 20:45:08.704693
578,389.5321,-114.92839,37.652103,2009-04-21 20:45:13.163369
579,389.39355,-116.722046,37.887005,2009-04-21 20:45:17.623776
580,392.0225,-115.28436,36.300186,2009-04-21 20:45:26.542858
581,389.6805,-113.54797,36.009697,2009-04-21 20:45:31.001575
582,386.53506,-111.837395,35.649605,2009-04-21 20:45:35.460975
583,387.5217,-110.56323,33.881325,2009-04-21 20:45:44.380058
584,389.04044,-112.23942,34.309162,2009-04-21 20:45:48.839257
585,389.37228,-117.6594,33.817436,2009-04-21 20:46:06.677463
586,389.32266,-115.977234,33.601597,2009-04-21 20:46:11.137386
587,387.8118,-114.29653,33.316566,2009-04-21 20:46:15.595580
588,391.19534,-112.63915,32.963024,2009-04-21 20:46:20.056469
589,391.0887,-111.0074,32.54786,2009-04-21 20:46:24.514662
590,390.52005,-111.81373,29.863214,2009-04-21 20:47:09.110155
591,388.9008,-113.7655,28.923576,2009-04-21 20:47:18.028272
592,391.71747,-114.12913,27.573965,2009-04-21 20:47:49.245967
593,387.61893,-121.42527,9.209673,2009-04-21 20:52:52.489665
594,385.72388,-53.575214,79.06169,2009-04-21 22:09:03.435783
595,390.09485,-67.607994,78.582985,2009-04-21 22:09:48.030230
596,388.59558,-80.613464,80.77232,2009-04-21 22:10:19.246999
597,407.83054,-76.85992,79.474915,2009-04-21 22:10:23.706158
598,396.4522,-79.90911,77.518486,2009-04-21 22:10:32.625281
599,389.77557,-93.16853,81.147865,2009-04-21 22:10:46.004287
600,392.676,-85.31765,76.81413,2009-04-21 22:11:12.761012
601,397.98145,-104.1165,79.151184,2009-04-21 22:11:30.598292
602,388.2295,-98.14803,76.20617,2009-04-21 22:11:52.895616
603,391.46484,-94.29015,75.1166,2009-04-21 22:11:57.355419
604,392.81818,-119.90595,76.281425,2009-04-21 22:12:24.111782
605,396.272,-108.028305,73.02278,2009-04-21 22:12:50.869633
606,390.87003,-123.793846,73.75385,2009-04-21 22:13:08.706752
607,395.7243,-119.04713,73.27249,2009-04-21 22:13:13.166474
608,383.34732,-120.89889,72.023895,2009-04-21 22:13:44.382197
609,395.62326,-114.85085,69.51251,2009-04-21 22:14:06.679562
610,397.56204,-121.67575,67.69475,2009-04-21 22:14:46.815252
611,389.08804,-130.89702,65.94741,2009-04-21 22:15:22.490698
612,396.59406,-133.82465,60.65441,2009-04-21 22:16:51.680075
613,402.2156,-128.08386,55.570095,2009-04-21 22:18:03.030885
614,394.1168,-122.686745,76.20601,2009-04-21 23:50:03.747752
615,387.5304,-122.49809,74.1581,2009-04-21 23:50:12.666794
616,387.4594,-137.87096,67.53859,2009-04-21 23:52:26.448688
617,396.53598,-139.67358,66.34096,2009-04-21 23:53:06.583252
618,397.7352,-152.05757,65.60924,2009-04-21 23:53:37.798894
619,398.5567,-142.7197,63.89893,2009-04-21 23:53:51.176774
620,397.28018,-153.93265,62.991478,2009-04-21 23:54:22.393382
621,416.9644,-154.76181,61.68336,2009-04-21 23:54:53.608863
622,403.99167,-157.7491,62.00056,2009-04-21 23:54:58.068787
623,400.5895,-158.36636,60.654003,2009-04-21 23:55:02.527946
624,406.82855,-155.53085,60.364677,2009-04-21 23:55:06.987306
625,415.94073,-152.74857,59.96593,2009-04-21 23:55:11.446063
626,393.67746,-156.25356,59.044834,2009-04-21 23:55:38.202345
627,402.22397,-154.33826,57.344166,2009-04-21 23:55:56.039464
